{
  "model_info": {
    "model_training_request": {
      "id": 1,
      "training_type": 1,
      "experiment_id": "mnist-20250428-082835",
      "architecture": {
        "base_architecture": "cnn",
        "cnn_blocks_n": 2,
        "cnn_blocks_conv_layers_n": 2,
        "cnn_block_conv_filters": [
          32,
          64
        ],
        "cnn_block_conv_filter_sizes": [
          3,
          5
        ],
        "cnn_block_max_pooling_sizes": [
          2,
          2
        ],
        "cnn_block_dropout_values": [
          0.1,
          0.5
        ],
        "inception_stem_blocks_n": 0,
        "inception_stem_block_conv_filters": [],
        "inception_stem_block_conv_filter_sizes": [],
        "inception_stem_block_max_pooling_sizes": [],
        "inception_blocks_n": 0,
        "inception_modules_n": 0,
        "inception_modules_conv1x1_filters": [],
        "inception_modules_conv3x3_reduce_filters": [],
        "inception_modules_conv3x3_filters": [],
        "inception_modules_conv5x5_reduce_filters": [],
        "inception_modules_conv5x5_filters": [],
        "inception_modules_pooling_conv_filters": [],
        "classifier_layer_type": "gap",
        "classifier_layers_n": 0,
        "classifier_dropouts": [],
        "classifier_layers_units": [],
        "learning_rate": 0.0
      },
      "epochs": 150,
      "early_stopping_patience": 10,
      "is_partial_training": false,
      "search_space_type": "image",
      "search_space_hash": -1710851370541997620,
      "dataset_tag": "mnist"
    },
    "performance": 0.11739999800920486,
    "performance_2": 0.9901999831199646
  },
  "dataset_ranges": "",
  "performance_metrics": {
    "elapsed_seconds": 1664.908949136734,
    "elapsed_time": "00:27:44"
  },
  "hardware_info": {
    "cpu_model": "x86_64",
    "cpu_cores": 64,
    "python_version": "3.10.16",
    "system": "Linux",
    "ram_total": "125.65 GB",
    "ram_available": "118.56 GB",
    "gpu_count": 2,
    "gpus": [
      {
        "model": "NVIDIA GeForce RTX 4070 Ti SUPER",
        "memory": "16376 MiB",
        "driver": "570.144"
      },
      {
        "model": "NVIDIA GeForce RTX 4070 Ti SUPER",
        "memory": "16376 MiB",
        "driver": "570.144"
      }
    ]
  },
  "optimization_stats": {
    "models_generated": 15,
    "models_processed": 21,
    "exploration_models": 10,
    "deep_training_models": 5
  }
}