{
  "model_info": {
    "model_training_request": {
      "id": 0,
      "training_type": 1,
      "experiment_id": "mnist-20250323-212747",
      "architecture": {
        "base_architecture": "inception",
        "cnn_blocks_n": 0,
        "cnn_blocks_conv_layers_n": 0,
        "cnn_block_conv_filters": [],
        "cnn_block_conv_filter_sizes": [],
        "cnn_block_max_pooling_sizes": [],
        "cnn_block_dropout_values": [],
        "inception_stem_blocks_n": 1,
        "inception_stem_block_conv_filters": [
          24
        ],
        "inception_stem_block_conv_filter_sizes": [
          7
        ],
        "inception_stem_block_max_pooling_sizes": [
          2
        ],
        "inception_blocks_n": 3,
        "inception_modules_n": 1,
        "inception_modules_conv1x1_filters": [
          32,
          56,
          60
        ],
        "inception_modules_conv3x3_reduce_filters": [
          8,
          20,
          40
        ],
        "inception_modules_conv3x3_filters": [
          8,
          76,
          80
        ],
        "inception_modules_conv5x5_reduce_filters": [
          8,
          8,
          12
        ],
        "inception_modules_conv5x5_filters": [
          16,
          28,
          28
        ],
        "inception_modules_pooling_conv_filters": [
          16,
          20,
          24
        ],
        "classifier_layer_type": "mlp",
        "classifier_layers_n": 2,
        "classifier_dropouts": [
          0.3,
          0
        ],
        "classifier_layers_units": [
          352,
          256
        ],
        "learning_rate": 0.0
      },
      "epochs": 150,
      "early_stopping_patience": 10,
      "is_partial_training": false,
      "search_space_type": "image",
      "search_space_hash": -1710851370541997620,
      "dataset_tag": "mnist"
    },
    "performance": 0.9887999892234802,
    "performance_2": 0.9891999959945679
  },
  "dataset_ranges": "",
  "performance_metrics": {
    "elapsed_seconds": 3996.698232650757,
    "elapsed_time": "01:06:36"
  },
  "hardware_info": {
    "cpu_model": "",
    "cpu_cores": 20,
    "python_version": "3.9.20",
    "system": "Linux",
    "ram_total": "31.14 GB",
    "ram_available": "14.80 GB",
    "gpu_count": 1,
    "gpus": [
      {
        "model": "NVIDIA GeForce RTX 3080",
        "memory": "10240 MiB",
        "driver": "535.216.01"
      }
    ]
  }
}