{
  "model_info": {
    "model_training_request": {
      "id": 3,
      "training_type": 1,
      "experiment_id": "mnist-20250509-113039",
      "architecture": {
        "base_architecture": "inception",
        "cnn_blocks_n": 0,
        "cnn_blocks_conv_layers_n": 0,
        "cnn_block_conv_filters": [],
        "cnn_block_conv_filter_sizes": [],
        "cnn_block_max_pooling_sizes": [],
        "cnn_block_dropout_values": [],
        "inception_stem_blocks_n": 1,
        "inception_stem_block_conv_filters": [
          56
        ],
        "inception_stem_block_conv_filter_sizes": [
          5
        ],
        "inception_stem_block_max_pooling_sizes": [
          3
        ],
        "inception_blocks_n": 3,
        "inception_modules_n": 3,
        "inception_modules_conv1x1_filters": [
          20,
          40,
          60
        ],
        "inception_modules_conv3x3_reduce_filters": [
          12,
          12,
          40
        ],
        "inception_modules_conv3x3_filters": [
          36,
          72,
          84
        ],
        "inception_modules_conv5x5_reduce_filters": [
          8,
          8,
          12
        ],
        "inception_modules_conv5x5_filters": [
          28,
          32,
          32
        ],
        "inception_modules_pooling_conv_filters": [
          20,
          28,
          32
        ],
        "classifier_layer_type": "mlp",
        "classifier_layers_n": 1,
        "classifier_dropouts": [
          0
        ],
        "classifier_layers_units": [
          304
        ],
        "learning_rate": 0.0
      },
      "epochs": 150,
      "early_stopping_patience": 10,
      "is_partial_training": false,
      "search_space_type": "image",
      "search_space_hash": -1710851370541997620,
      "dataset_tag": "mnist"
    },
    "performance": 0.9894000291824341,
    "performance_2": 0.9927999973297119
  },
  "dataset_ranges": "",
  "performance_metrics": {
    "elapsed_seconds": 10919.983474493027,
    "elapsed_time": "03:01:59"
  },
  "hardware_info": {
    "cpu_model": "",
    "cpu_cores": 20,
    "python_version": "3.10.16",
    "system": "Linux",
    "ram_total": "31.14 GB",
    "ram_available": "21.57 GB",
    "gpu_count": 1,
    "gpus": [
      {
        "model": "NVIDIA GeForce RTX 3080",
        "memory": "10240 MiB",
        "driver": "535.216.01"
      }
    ]
  },
  "optimization_stats": {
    "models_generated": 15,
    "models_processed": 15,
    "exploration_models": 10,
    "deep_training_models": 5
  }
}