{
  "model_info": {
    "model_training_request": {
      "id": 8,
      "training_type": 1,
      "experiment_id": "mnist-20250427-211801",
      "architecture": {
        "base_architecture": "cnn",
        "cnn_blocks_n": 2,
        "cnn_blocks_conv_layers_n": 4,
        "cnn_block_conv_filters": [
          32,
          64
        ],
        "cnn_block_conv_filter_sizes": [
          5,
          5
        ],
        "cnn_block_max_pooling_sizes": [
          2,
          2
        ],
        "cnn_block_dropout_values": [
          0.5,
          0.5
        ],
        "inception_stem_blocks_n": 0,
        "inception_stem_block_conv_filters": [],
        "inception_stem_block_conv_filter_sizes": [],
        "inception_stem_block_max_pooling_sizes": [],
        "inception_blocks_n": 0,
        "inception_modules_n": 0,
        "inception_modules_conv1x1_filters": [],
        "inception_modules_conv3x3_reduce_filters": [],
        "inception_modules_conv3x3_filters": [],
        "inception_modules_conv5x5_reduce_filters": [],
        "inception_modules_conv5x5_filters": [],
        "inception_modules_pooling_conv_filters": [],
        "classifier_layer_type": "mlp",
        "classifier_layers_n": 2,
        "classifier_dropouts": [
          0.1,
          0
        ],
        "classifier_layers_units": [
          32,
          48
        ],
        "learning_rate": 0.0
      },
      "epochs": 150,
      "early_stopping_patience": 10,
      "is_partial_training": false,
      "search_space_type": "image",
      "search_space_hash": -1710851370541997620,
      "dataset_tag": "mnist"
    },
    "performance": 0.9873999953269958,
    "performance_2": 0.9901000261306763
  },
  "dataset_ranges": "",
  "performance_metrics": {
    "elapsed_seconds": 3875.9482526779175,
    "elapsed_time": "01:04:35"
  },
  "hardware_info": {
    "cpu_model": "",
    "cpu_cores": 20,
    "python_version": "3.10.16",
    "system": "Linux",
    "ram_total": "31.14 GB",
    "ram_available": "17.27 GB",
    "gpu_count": 1,
    "gpus": [
      {
        "model": "NVIDIA GeForce RTX 3080",
        "memory": "10240 MiB",
        "driver": "535.216.01"
      }
    ]
  },
  "optimization_stats": {
    "models_generated": 15,
    "models_processed": 18,
    "exploration_models": 10,
    "deep_training_models": 5
  }
}